{
  "trained_at": "2026-07-20 22:37:52",
  "img_size": [
    160,
    160
  ],
  "class_names": [
    "FreshApple",
    "FreshBanana",
    "FreshBellpepper",
    "FreshCarrot",
    "FreshCucumber",
    "FreshMango",
    "FreshOrange",
    "FreshPotato",
    "FreshStrawberry",
    "FreshTomato",
    "RottenApple",
    "RottenBanana",
    "RottenBellpepper",
    "RottenCarrot",
    "RottenCucumber",
    "RottenMango",
    "RottenOrange",
    "RottenPotato",
    "RottenStrawberry",
    "RottenTomato"
  ],
  "num_classes": 20,
  "dataset_counts": {
    "train": {
      "FreshApple": 550,
      "FreshBanana": 561,
      "FreshBellpepper": 549,
      "FreshCarrot": 558,
      "FreshCucumber": 547,
      "FreshMango": 544,
      "FreshOrange": 548,
      "FreshPotato": 553,
      "FreshStrawberry": 542,
      "FreshTomato": 543,
      "RottenApple": 529,
      "RottenBanana": 518,
      "RottenBellpepper": 531,
      "RottenCarrot": 522,
      "RottenCucumber": 533,
      "RottenMango": 533,
      "RottenOrange": 531,
      "RottenPotato": 526,
      "RottenStrawberry": 536,
      "RottenTomato": 536
    },
    "test": {
      "FreshApple": 62,
      "FreshBanana": 63,
      "FreshBellpepper": 62,
      "FreshCarrot": 62,
      "FreshCucumber": 61,
      "FreshMango": 61,
      "FreshOrange": 61,
      "FreshPotato": 62,
      "FreshStrawberry": 61,
      "FreshTomato": 61,
      "RottenApple": 59,
      "RottenBanana": 58,
      "RottenBellpepper": 60,
      "RottenCarrot": 58,
      "RottenCucumber": 60,
      "RottenMango": 60,
      "RottenOrange": 60,
      "RottenPotato": 59,
      "RottenStrawberry": 60,
      "RottenTomato": 60
    }
  },
  "history_stage1": {
    "accuracy": [
      0.3086462616920471,
      0.6156699061393738,
      0.7021325826644897,
      0.7480296492576599,
      0.7833796739578247,
      0.7969402074813843,
      0.8094576001167297,
      0.8201205134391785,
      0.833681046962738,
      0.840287446975708,
      0.8506026864051819,
      0.8526889085769653,
      0.858252227306366,
      0.8698423504829407,
      0.8624246716499329
    ],
    "val_accuracy": [
      0.6108007431030273,
      0.7257914543151855,
      0.75698322057724,
      0.7905027866363525,
      0.80633145570755,
      0.8119180798530579,
      0.8314711451530457,
      0.8272811770439148,
      0.8310055732727051,
      0.8361266255378723,
      0.8412476778030396,
      0.8482308983802795,
      0.8445065021514893,
      0.8533519506454468,
      0.8621973991394043
    ],
    "loss": [
      2.3344171047210693,
      1.3203611373901367,
      0.985116720199585,
      0.8160108923912048,
      0.7173528075218201,
      0.6559277176856995,
      0.6110094785690308,
      0.5679263472557068,
      0.5295221209526062,
      0.5166714787483215,
      0.4724409878253937,
      0.4627682864665985,
      0.44966235756874084,
      0.4232273995876312,
      0.42806604504585266
    ],
    "val_loss": [
      1.460037112236023,
      0.9525967240333557,
      0.7840312123298645,
      0.6824889779090881,
      0.6320502758026123,
      0.6005520224571228,
      0.5586331486701965,
      0.5364103317260742,
      0.5320652723312378,
      0.5204877853393555,
      0.48447608947753906,
      0.49919524788856506,
      0.5032162070274353,
      0.4669308066368103,
      0.44448122382164
    ]
  },
  "history_stage2": {
    "accuracy": [
      0.7801344394683838,
      0.8268428444862366,
      0.8458507061004639
    ],
    "val_accuracy": [
      0.8468342423439026,
      0.8454376459121704,
      0.8496275544166565
    ],
    "loss": [
      1.1925690174102783,
      0.7634226679801941,
      0.6137799620628357
    ],
    "val_loss": [
      0.47373396158218384,
      0.49088388681411743,
      0.5065042972564697
    ]
  },
  "test_accuracy": 0.8826446533203125,
  "test_loss": 0.3624654710292816,
  "confusion_matrix": [
    [
      58,
      0,
      0,
      0,
      0,
      1,
      0,
      0,
      0,
      0,
      3,
      0,
      0,
      0,
      0,
      0,
      0,
      0,
      0,
      0
    ],
    [
      0,
      60,
      0,
      0,
      0,
      0,
      1,
      0,
      0,
      0,
      0,
      2,
      0,
      0,
      0,
      0,
      0,
      0,
      0,
      0
    ],
    [
      0,
      0,
      59,
      0,
      0,
      0,
      0,
      0,
      0,
      1,
      0,
      0,
      2,
      0,
      0,
      0,
      0,
      0,
      0,
      0
    ],
    [
      0,
      0,
      0,
      59,
      1,
      0,
      0,
      0,
      0,
      0,
      0,
      0,
      0,
      2,
      0,
      0,
      0,
      0,
      0,
      0
    ],
    [
      0,
      0,
      0,
      0,
      59,
      0,
      0,
      0,
      0,
      0,
      0,
      0,
      0,
      0,
      2,
      0,
      0,
      0,
      0,
      0
    ],
    [
      4,
      0,
      0,
      0,
      0,
      50,
      6,
      1,
      0,
      0,
      0,
      0,
      0,
      0,
      0,
      0,
      0,
      0,
      0,
      0
    ],
    [
      0,
      0,
      0,
      0,
      0,
      2,
      58,
      0,
      0,
      1,
      0,
      0,
      0,
      0,
      0,
      0,
      0,
      0,
      0,
      0
    ],
    [
      0,
      0,
      0,
      0,
      0,
      1,
      0,
      54,
      0,
      2,
      0,
      0,
      0,
      1,
      0,
      0,
      0,
      4,
      0,
      0
    ],
    [
      0,
      0,
      0,
      0,
      0,
      0,
      0,
      0,
      61,
      0,
      0,
      0,
      0,
      0,
      0,
      0,
      0,
      0,
      0,
      0
    ],
    [
      1,
      0,
      0,
      1,
      0,
      0,
      1,
      0,
      1,
      55,
      0,
      0,
      0,
      0,
      0,
      0,
      0,
      0,
      0,
      2
    ],
    [
      1,
      0,
      0,
      0,
      0,
      0,
      2,
      1,
      0,
      0,
      50,
      0,
      0,
      0,
      0,
      1,
      1,
      3,
      0,
      0
    ],
    [
      0,
      2,
      0,
      0,
      0,
      0,
      0,
      0,
      0,
      0,
      0,
      53,
      0,
      1,
      1,
      0,
      0,
      1,
      0,
      0
    ],
    [
      0,
      0,
      19,
      0,
      0,
      0,
      0,
      0,
      1,
      1,
      1,
      0,
      33,
      1,
      1,
      1,
      0,
      1,
      0,
      1
    ],
    [
      0,
      0,
      0,
      5,
      0,
      0,
      0,
      0,
      0,
      0,
      0,
      0,
      2,
      48,
      1,
      0,
      0,
      2,
      0,
      0
    ],
    [
      0,
      0,
      0,
      0,
      6,
      0,
      0,
      0,
      0,
      0,
      0,
      0,
      0,
      2,
      51,
      0,
      0,
      1,
      0,
      0
    ],
    [
      0,
      0,
      0,
      0,
      0,
      0,
      0,
      0,
      0,
      0,
      0,
      0,
      0,
      0,
      1,
      57,
      0,
      2,
      0,
      0
    ],
    [
      1,
      0,
      0,
      0,
      0,
      0,
      3,
      0,
      0,
      0,
      5,
      0,
      0,
      0,
      0,
      0,
      51,
      0,
      0,
      0
    ],
    [
      0,
      0,
      0,
      0,
      0,
      0,
      0,
      4,
      0,
      0,
      0,
      0,
      3,
      3,
      1,
      1,
      0,
      45,
      0,
      2
    ],
    [
      0,
      0,
      0,
      0,
      0,
      0,
      0,
      1,
      2,
      0,
      0,
      0,
      0,
      0,
      0,
      0,
      0,
      0,
      57,
      0
    ],
    [
      0,
      0,
      1,
      0,
      0,
      0,
      0,
      0,
      0,
      1,
      2,
      0,
      5,
      0,
      0,
      0,
      0,
      1,
      0,
      50
    ]
  ],
  "classification_report": {
    "FreshApple": {
      "precision": 0.8923076923076924,
      "recall": 0.9354838709677419,
      "f1-score": 0.9133858267716536,
      "support": 62.0
    },
    "FreshBanana": {
      "precision": 0.967741935483871,